<Device Name="Imported Platforms">
	<Policies>
		<Policy ID="Solace" PlatformBaseID="PythonScripts" PlatformBaseType="Web" PlatformBaseProtocol="Python" AutoChangeOnAdd="Yes" AutoVerifyOnAdd="Yes">
			<Properties>
				<Required>
					<Property Name="Address" />
					<Property Name="Username" />
				</Required>
				<Optional></Optional>
			</Properties>
			<LinkedPasswords>
            			<Link Name="LogonAccount" PropertyIndex="1" />
            			<Link Name="JumpAccount" PropertyIndex="2" />
			</LinkedPasswords>
			<TicketingSystem EnterTicketingInfo="No" ValidateTicketNumber="No" />
		</Policy>
	</Policies>
</Device>